<meta>
	<info author="Dennis" version="1.0" type="script" name="AmmoNation" description="Ammo Nation" />
	<script src="client.luac" type="client"/>
	<script src="armorshop.luac" type="client"/>
	<script src="server.luac" type="server"/>

	<file src="images/AK47.png"/>
	<file src="images/CHAINSAW.png"/>
	<file src="images/COLT45.png"/>
	<file src="images/COMBAT.png"/>
	<file src="images/DEAGLE.png"/>
	<file src="images/GRENADE.png"/>
	<file src="images/KATANA.png"/>
	<file src="images/M4.png"/>
	<file src="images/MICROUZI.png"/>
	<file src="images/MP5.png"/>
	<file src="images/RIFLE.png"/>
	<file src="images/SACHTEL.png"/>
	<file src="images/SAWNOFF.png"/>
	<file src="images/SHOTGUN.png"/>
	<file src="images/SILENCED.png"/>
	<file src="images/SNIPER.png"/>
	<file src="images/TEARGAS.png"/>
	<file src="images/TEC9.png"/>
</meta>
