<meta>
	<info author="Dennis" name="staffjob" version="1.0" type="script"/>	

	<script src="server.luac" type="server" />
	<script src="client.luac" type="client" />
	<script src="warnings.luac" type="server" />
	
	<script src="functions/warpCommand.luac" type="client" />
	<script src="functions/glueServer.luac" type="server" />
	<script src="functions/glueClient.luac" type="client" />
	<script src="functions/quickPunishServer.luac" type="server" />
	<script src="functions/quickPunishClient.luac" type="client" />
	<script src="functions/setJobClient.luac" type="client" />
	<script src="functions/setJobServer.luac" type="server" />
	<script src="functions/eventmarker.luac" type="server" />

  	<file src="staffskin/wmyclot.txd" />
  	<file src="staffskin/wmyclot.dff" /> 
	<file src="staffskin/wfyclot.txd" />
</meta>
