<meta>
	<info author="CrystalMV" version="1.0" name="Particle objects" description="Custom objects with attached particles" type="script" />
	<script src="part_c.lua" type="client" />
	<file src="partlist.xml" />
	<file src="particles/blood_heli.dff" />
	<file src="particles/boat_prop.dff" />
	<file src="particles/camflash.dff" />
	<file src="particles/carwashspray.dff" />
	<file src="particles/cement.dff" />
	<file src="particles/cloudfast.dff" />
	<file src="particles/coke_puff.dff" />
	<file src="particles/coke_trail.dff" />
	<file src="particles/cigarette_smoke.dff" />
	<file src="particles/explosion_barrel.dff" />
	<file src="particles/explosion_crate.dff" />
	<file src="particles/explosion_door.dff" />
	<file src="particles/exhale.dff" />
	<file src="particles/explosion_fuel_car.dff" />
	<file src="particles/explosion_large.dff" />
	<file src="particles/explosion_medium.dff" />
	<file src="particles/explosion_molotov.dff" />
	<file src="particles/explosion_small.dff" />
	<file src="particles/explosion_tiny.dff" />
	<file src="particles/extinguisher.dff" />
	<file src="particles/flame.dff" />
	<file src="particles/fire.dff" />
	<file src="particles/fire_med.dff" />
	<file src="particles/fire_large.dff" />
	<file src="particles/flamethrower.dff" />
	<file src="particles/fire_bike.dff" />
	<file src="particles/fire_car.dff" />
	<file src="particles/gunflash.dff" />
	<file src="particles/gunsmoke.dff" />
	<file src="particles/insects.dff" />
	<file src="particles/heli_dust.dff" />
	<file src="particles/jetpack.dff" />
	<file src="particles/jetthrust.dff" />
	<file src="particles/nitro.dff" />
	<file src="particles/molotov_flame.dff" />
	<file src="particles/overheat_car.dff" />
	<file src="particles/overheat_car_electric.dff" />
	<file src="particles/prt_boatsplash.dff" />
	<file src="particles/prt_cardebris.dff" />
	<file src="particles/prt_collisionsmoke.dff" />
	<file src="particles/prt_glass.dff" />
	<file src="particles/prt_gunshell.dff" />
	<file src="particles/prt_sand.dff" />
	<file src="particles/prt_sand2.dff" />
	<file src="particles/prt_smokeII_3_expand.dff" />
	<file src="particles/prt_smoke_huge.dff" />
	<file src="particles/prt_spark.dff" />
	<file src="particles/prt_spark_2.dff" />
	<file src="particles/prt_splash.dff" />
	<file src="particles/prt_wake.dff" />
	<file src="particles/prt_watersplash.dff" />
	<file src="particles/prt_wheeldirt.dff" />
	<file src="particles/petrolcan.dff" />
	<file src="particles/puke.dff" />
	<file src="particles/riot_smoke.dff" />
	<file src="particles/spraycan.dff" />
	<file src="particles/smoke30lit.dff" />
	<file src="particles/smoke30m.dff" />
	<file src="particles/smoke50lit.dff" />
	<file src="particles/shootlight.dff" />
	<file src="particles/smoke_flare.dff" />
	<file src="particles/tank_fire.dff" />
	<file src="particles/teargas.dff" />
	<file src="particles/teargasAD.dff" />
	<file src="particles/tree_hit_fir.dff" />
	<file src="particles/tree_hit_palm.dff" />
	<file src="particles/vent.dff" />
	<file src="particles/vent2.dff" />
	<file src="particles/water_hydrant.dff" />
	<file src="particles/water_ripples.dff" />
	<file src="particles/water_speed.dff" />
	<file src="particles/water_splash.dff" />
	<file src="particles/water_splash_big.dff" />
	<file src="particles/water_splsh_sml.dff" />
	<file src="particles/water_swim.dff" />
	<file src="particles/waterfall_end.dff" />
	<file src="particles/water_fnt_tme.dff" />
	<file src="particles/water_fountain.dff" />
	<file src="particles/wallbust.dff" />
	<file src="particles/WS_factorysmoke.dff" />
</meta>