<meta>
    <info author="Dennis" version="1.0" type="script" />

	<script src="GUI/mainwindowGUI.luac" type="client" />
	<script src="GUI/punishmentsGUI.luac" type="client" />
	<script src="GUI/otherwindowGUI.luac" type="client" />
	
	<script src="EventPanel/server.luac" type="server" />
	
	<script src="Mutes/client.luac" type="client" />
	<script src="Mutes/server.luac" type="server" />
	
	<script src="acl.luac" type="client" />
	<script src="client.luac" type="client" />
	<script src="server.luac" type="server" />

	<export function="onStaffChatMessage" type="server" />
	<export function="onAdminIsPlayerMuted" type="server" />
	<export function="onAdminSetPlayerMuted" type="server" />
</meta>
