<pots>
<pot x="-1289.2408447266" y="512.37310791016" z="11.1953125" des="Nice aircraft carrier" />
<pot x="-2432.6323242188" y="-1620.1166992188" z="526.87109375" des="I'm on the top of the world!" />
<pot x="400.76016235352" y="-2066.9521484375" z="10.747144699097" des="Soo many fishing rods!"/>
<pot x="2871.8779296875" y="-2124.7365722656" z="4.6792087554932" des="Old sewer pipe that used to flow into the LS ocean"/>
<pot x="595.638671875" y="831.05657958984" z="-42.956447601318" des="This is indeed a big mine" /> 
<pot x="-1852.8094482422" y="1427.9989013672" z="7.1823673248291" des="Nice submarine"/>
<pot x="-2373.6579589844" y="2216.4792480469" z="4.984375" des="The best harbor in the north!"/>
<pot x="1301.7633056641" y="169.8770904541" z="20.4609375" des="Trailler park near a giant soda can"/>
<pot x="1098.0446777344" y="1400.9278564453" z="6.6328125" des="DirtRing!?"/>
<pot x="323.81344604492" y="2542.7976074219" z="16.808423995972" des="Abandoned airport"/>
<pot x="-445.1579284668" y="2223.556640625" z="42.4296875" des="This place looks like a ghost town!"/>
<pot x="-1968.8851318359" y="111.7045135498" z="27.6875" des="Brown Streak Railroad Go for the brown Wth!?"/>
<pot x="-2051.4130859375" y="-484.08255004883" z="38.425979614258" des="Gate G!"/>
<pot x="-1852.5506591797" y="-1698.5093994141" z="40.8671875" des="Free auto parts. I love this junkyard"/>
<pot x="1882.5531005859" y="-1315.3479003906" z="14.500373840332" des="Stopped construction place."/>
<pot x="366.16" y="-2060.35" z="15.39" des="Docks with a view of the lighthouse, nice..."/>
<pot x="1094.21" y="-2037.02" z="82.75" des="Sort of looks like the White House."/>
<pot x="1955.41" y="-1379.97" z="24.14" des="Nice skatepark!"/>
<pot x="2203.34" y="-2028.38" z="14.16" des="Nice wall of junk." />
<pot x="1754.85" y="-2693.34" z="13.54" des="5 plane hangers in a row, and near the sea and beach aswell!"/>
<pot x="1206.44" y="-2311.45" z="14.46" des="Nice little pond next to the airport."/>
<pot x="515.18" y="-1237.6" z="40.43" des="Nice view of the car dealers from here.." />
<pot x="1039.83" y="-823.2" z="101.85" des="Nice view of the UFO looking house!" />
<pot x="1291.23" y="-800.95" z="96.46" des="Helipad.. on a mansion roof!" />
<pot x="1713.07" y="-264.9" z="72.83" des="Nice little view of the highway heading towards LS and LV."/>
<pot x="1465.8" y="-915.27" z="59.6" des="Hardon... if you know what i mean ^_^"/>
<pot x="-382.85" y="2411.08" z="71.21" des="Mommy, is that rock shaped as a penis?"/>
<pot x="-528.44" y="1711.75" z="86.9" des="That's one big sattelite.." />
<pot x="1029.25" y="-1012.91" z="35.74" des="Pay 'n' Spray, and a mod shop next to it?" />
<pot x="1855.57" y="-1856.67" z="13.38" des="8 Ball Autos" />
</pots>