<meta>
    <info type="map" name="HYDRASTRIKE" author="KWKSND" version="1"></info>
    <map src="map.map" dimension="0"></map>
    <settings>
        <setting name="#minplayers" value="[ 0 ]"></setting>
        <setting name="#maxplayers" value="[ 128 ]"></setting>
        <setting name="#gravity" value="[ 0.008000 ]"></setting>
        <setting name="#weather" value="[ 0 ]"></setting>
        <setting name="#time" value="1:0"></setting>
        <setting name="#locked_time" value="[ false ]"></setting>
        <setting name="#waveheight" value="[ 0 ]"></setting>
        <setting name="#gamespeed" value="[ 1 ]"></setting>
    </settings>
	
		<script src="client.luac" type="client" />
		<script src="server.luac" type="server" />
</meta>
