<meta>
    <info author="Dennis" version="2.0" type="script" />
	
	<script src="jobvehicles/jobClient.luac" type="client" />
	<script src="jobvehicles/jobServer.luac" type="server" />

	<script src="playervehicles/client.luac" type="client" />
	<script src="playervehicles/server.luac" type="server" />

	<script src="functionsServer.luac" type="server" />
	<script src="functionsClient.luac" type="client" />
	
	<export function="reloadFreeVehicleMarkers" type="server" />
	<export function="onPlayerBoughtVehicle" type="server" />
	<export function="getPlayerVehicleSlots" type="server" />
</meta>
