<acl>
	<command name="!kick" level="2" echoChannelOnly="true" />
	<command name="!uptime" level="0" echoChannelOnly="false" />
	<command name="!say" level="1" echoChannelOnly="true" />
	<command name="!sup" level="1" echoChannelOnly="true" />
	<command name="!s" level="1" echoChannelOnly="true" />
	<command name="!m" level="2" echoChannelOnly="true" />
	<command name="!players" level="0" echoChannelOnly="true" />
	<command name="!staff" level="0" echoChannelOnly="true" />
	<command name="!pm" level="0" echoChannelOnly="true" />
	<command name="!ts" level="2" echoChannelOnly="true" />
	<command name="!getip" level="2" echoChannelOnly="true" />
	<command name="!getserial" level="2" echoChannelOnly="true" />
	<command name="!mute" level="2" echoChannelOnly="true" />
	<command name="!unmute" level="2" echoChannelOnly="true" />
	<command name="!mutes" level="2" echoChannelOnly="true" />
	<command name="!freeze" level="2" echoChannelOnly="true" />
	<command name="!unfreeze" level="2" echoChannelOnly="true" />
	<command name="!kill" level="3" echoChannelOnly="true" />
	<command name="!slap" level="2" echoChannelOnly="true" />
	<command name="!ban" level="3" echoChannelOnly="true" />
	<command name="!banip" level="3" echoChannelOnly="true" />
	<command name="!banserial" level="3" echoChannelOnly="true" />
	<command name="!banname" level="3" echoChannelOnly="true" />
	<command name="!unbanip" level="3" echoChannelOnly="true" />
	<command name="!unbanserial" level="3" echoChannelOnly="true" />
	<command name="!unban" level="3" echoChannelOnly="true" />
	<command name="!bans" level="3" echoChannelOnly="true" />
	<command name="!commands" level="0" echoChannelOnly="false" />
	<command name="!cmds" level="0" echoChannelOnly="false" />
	<command name="!run" level="4" echoChannelOnly="true" />
	<command name="!crun" level="4" echoChannelOnly="true" />
	<command name="!resources" level="4" echoChannelOnly="true" />
	<command name="!start" level="4" echoChannelOnly="true" />
	<command name="!restart" level="4" echoChannelOnly="true" />
	<command name="!stop" level="4" echoChannelOnly="true" />
	<command name="!account" level="3" echoChannelOnly="true" />
	<command name="!community" level="3" echoChannelOnly="true" />
	<command name="!money" level="0" echoChannelOnly="true" />
	<command name="!health" level="0" echoChannelOnly="true" />
	<command name="!wantedlevel" level="0" echoChannelOnly="true" />
	<command name="!team" level="0" echoChannelOnly="true" />
	<command name="!ping" level="0" echoChannelOnly="true" />
	<command name="!modules" level="4" echoChannelOnly="true" />
    <command name="!changemap" level="5" echoChannelOnly="true" />
    <command name="!map" level="5" echoChannelOnly="true" />
    <command name="!shutdown" level="4" echoChannelOnly="true" />
    <command name="!password" level="2" echoChannelOnly="true" />
    <command name="!gravity" level="4" echoChannelOnly="true" />
    <command name="!weather" level="4" echoChannelOnly="true" />
    <command name="!server" level="0" echoChannelOnly="false" />
    <command name="!zone" level="0" echoChannelOnly="false" />
    <command name="!refreshall" level="4" echoChannelOnly="false" />
    <command name="!refresh" level="4" echoChannelOnly="false" />
</acl>