﻿<meta>
	<settings>
		<!-- Activate ingame irc client? -->
		<setting 
			name="*irc-client" 
			value="false"
			friendlyname="Ingame irc client"
			examples="true,false"
			desc="Activate ingame irc client?"
		/>
		
		<!-- Notice users about the irc channel? -->
		<setting 
			name="*irc-notice" 
			value="false"
			friendlyname="IRC info popup"
			examples="true,false"
			desc="Notice users about the irc channel?"
		/>
		
		<!-- How many seconds should there be between the notices in seconds? (use 0 if it should always be visible) -->
		<setting 
			name="*irc-notice-timeout" 
			value="300"
			friendlyname="IRC info popup timeout"
			examples="1-inf"
			desc="How many seconds should there be between the notices in seconds? (use 0 if it should always be visible)"
		/>
		
		<!-- How long should these notices stay on the screen? -->
		<setting 
			name="*irc-notice-duration" 
			value="20"
			friendlyname="IRC info popup duration"
			examples="1-inf"
			desc="How long should these notices stay on the screen?"
		/>
		
		<!-- What's the maximum irc logsize? (in MB) (0 = no logging) -->
		<setting 
			name="*irc-log-maxsize" 
			value="10"
			friendlyname="Maximum IRC log size"
			examples="0-inf"
			desc="What's the maximum irc logsize? (in MB) (0 = no logging)"
		/>
		
		<!-- Should irc stuff be outputted to the console (server log)? -->
		<setting 
			name="*irc-logconsole" 
			value="true"
			friendlyname="Log to console"
			examples="true,false"
			desc="Should irc stuff be outputted to the console (server log)?"
		/>
	</settings>
	
	<!-- Don't touch anything below! -->
	<info author="MCvarial" version="1.0.2" type="misc" name="irc" description="Echobot to be used on irc" />
	
	<export function="ircGetChannelFromName"       type="server" http="false" />
	<export function="ircGetEchoChannels"          type="server" http="false" />
	<export function="ircGetChannelServer"         type="server" http="false" />
	<export function="ircGetChannels"              type="server" http="false" />
	<export function="ircSetChannelMode"           type="server" http="false" />
	<export function="ircGetChannelName"           type="server" http="false" />
	<export function="ircGetChannelMode"           type="server" http="false" />
	<export function="ircGetChannelUsers"          type="server" http="false" />
	<export function="ircGetChannelTopic"          type="server" http="false" />
	<export function="ircIsEchoChannel"            type="server" http="false" />
	<export function="ircRaw"                      type="server" http="false" />
	<export function="ircHop"                      type="server" http="false" />
	<export function="ircSay"                      type="server" http="false" />
	<export function="ircPart"                     type="server" http="false" />
	<export function="ircJoin"                     type="server" http="false" />
	<export function="ircAction"                   type="server" http="false" />
	<export function="ircNotice"                   type="server" http="false" />
	<export function="outputIRC"                   type="server" http="false" />
	<export function="ircIdentify"                 type="server" http="false" />
	<export function="ircConnect"                  type="server" http="false" />
	<export function="ircReconnect"                type="server" http="false" />
	<export function="ircDisconnect"               type="server" http="false" />
	<export function="ircChangeNick"               type="server" http="false" />
	<export function="ircGetServerName"            type="server" http="false" />
	<export function="ircGetServerHost"            type="server" http="false" />
	<export function="ircGetServerPort"            type="server" http="false" />
	<export function="ircGetServerPass"            type="server" http="false" />
	<export function="ircGetServerNick"            type="server" http="false" />
	<export function="ircIsServerSecure"           type="server" http="false" />
	<export function="ircGetServerChannels"        type="server" http="false" />
	<export function="ircSetUserMode"              type="server" http="false" />
	<export function="ircGetUserMode"              type="server" http="false" />
	<export function="ircGetUserChannels"          type="server" http="false" />
	<export function="ircGetUserNick"              type="server" http="false" />
	<export function="ircGetUserServer"            type="server" http="false" />
	<export function="ircGetUsers"                 type="server" http="false" />
	<export function="ircGetUserFromNick"          type="server" http="false" />
	<export function="ircGetUserVhost"             type="server" http="false" />
	<export function="ircGetUserLevel"             type="server" http="false" />
	<export function="addIRCCommandHandler"        type="server" http="false" />
	<export function="ircGetCommands"              type="server" http="false" />
	<export function="ircGetCommandLevel"          type="server" http="false" />
	<export function="ircIsCommandEchoChannelOnly" type="server" http="false" />
	
	<!-- Don't touch this, you might break it. -->
	<script src="scripts/loading.lua"              type="server" />
	<script src="scripts/utility.lua"              type="server" />
	<script src="scripts/channels.lua"             type="server" />
	<script src="scripts/logging.lua"              type="server" />
	<script src="scripts/servers.lua"              type="server" />
	<script src="scripts/users.lua"                type="server" />
	<script src="scripts/handling.lua"             type="server" />
	<script src="scripts/commands.lua"             type="server" />
	<script src="scripts/levels.lua"               type="server" />
	<script src="scripts/acl.lua"                  type="server" />
	<script src="scripts/ads.lua"                  type="client" />
	<script src="scripts/echo.lua"                 type="server" />
	<script src="scripts/irccommands.lua"          type="server" />
	<script src="scripts/mutes.lua"                type="server" />
	<script src="scripts/ircclient_server.lua"     type="server" />
	<script src="scripts/ircclient_client.lua"     type="client" />
	
	<script src="scripts/runcode/server.lua"       type="server" />
	<script src="scripts/runcode/server_util.lua"  type="server" />
	<script src="scripts/runcode/client.lua"       type="client" />
	<script src="scripts/runcode/client_util.lua"  type="client" />
	
	<html src="logs.html" />
</meta>