<meta>
    <info author="Dennis" name="CSGanimals" version="1.0" type="script"/>
	
    <script src="client.luac" type="client"/>
	<script src="server.luac" type="server"/>
	
	<file src="horse.txd" type="client" />
	<file src="horse.dff" type="client " />
	
	<export function="onCreatePlayerAnimal" type="server" />
	<export function="getAnimalOwner" type="server" />
	<export function="getPlayerAnimal" type="server" />
	<export function="setAnimalFollowing" type="server" />
	<export function="resetAnimalFollowing" type="server" />
</meta>
