<meta>
	<info author="Dennis" version="1.0" type="script" name="PremiumSystem" description="Premium system" />

	<script src="client.luac" type="client"/>
	<script src="server.luac" type="server"/>

	<script src="premiumSkins/client.luac" type="client"/>

  	<file src="premiumSkins/premiumSkin1.dff" />
  	<file src="premiumSkins/premiumSkin1.txd" /> 

  	<file src="premiumSkins/premiumSkin2.dff" />
  	<file src="premiumSkins/premiumSkin2.txd" /> 

  	<file src="premiumSkins/premiumSkin3.dff" />
  	<file src="premiumSkins/premiumSkin3.txd" /> 
	
	<file src="premiumSkins/supergt.txd" type="client" />
	<file src="premiumSkins/supergt.dff" type="client " />
</meta>
