<help_documentation>
	<options>
		<option name="Create Window" description="Click, hold and drag your mouse pointer to create a Window.\n\nThe Window will be created as a child of the GUI element you right clicked (or, if no GUI element was right clicked, the screen)."/>
		<option name="Create Button" description="Click, hold and drag your mouse pointer to create a Button.\n\nThe Button will be created as a child of the GUI element you right clicked (or, if no GUI element was right clicked, the screen)."/>
		<option name="Create Label" description="Click, hold and drag your mouse pointer to create a Label.\n\nThe Label will be created as a child of the GUI element you right clicked (or, if no GUI element was right clicked, the screen)."/>
		<option name="Set Colour" description="Sets the colour of the text within the label. Can only be used with label GUI elements."/>
		<option name="Set Font" description="Sets the font of the text within the GUI element."/>
		<option name="Set Vertical Align" description="Sets the vertical alignment of text within the label.\n\nCan only be used with label GUI elements."/>
		<option name="Set Horizontal Align" description="Sets the horizontal alignment of text within a label.\n\nCan only be used with label GUI elements."/>
		<option name="Wordwrap" description="Sets whether the text within the label should use word wrapping.\n\nIf true, the text will automatically break and continue on the next line once it reaches the edge of the label."/>
		<option name="Create Checkbox" description="Click, hold and drag your mouse pointer to create a Checkbox.\n\nThe Checkbox will be created as a child of the GUI element you right clicked (or, if no GUI element was right clicked, the screen)."/>
		<option name="Create Memo" description="Click, hold and drag your mouse pointer to create a Memo field.\n\nThe Memo will be created as a child of the GUI element you right clicked (or, if no GUI element was right clicked, the screen). A Memo is a multiline edit box."/>
		<option name="Set Read Only" description="Sets the Memo or Edit box to read-only, meaning you cannot change (add or remove) text in the Memo field or Edit box.\n\nCan only be used with Memo or Edit box GUI elements."/>
		<option name="Create Edit" description="Click, hold and drag your mouse pointer to create an Edit box.\n\nThe Edit box will be created as a child of the GUI element you right clicked (or, if no GUI element was right clicked, the screen). An Edit box is similar to a memo but can only hold a single line."/>
		<option name="Set Masked" description="Sets whether the Edit box is masked or not.\n\nIf masked, all characters typed into the Edit box will appear as an asterix (for example, used in password input forms)."/>
		<option name="Set Max Length" description="Sets the maximum number of characters that can be entered into the Edit box.\n\nCan only be used with Edit box GUI elements."/>
		<option name="Create Gridlist" description="Click, hold and drag your mouse pointer to create a Gridlist.\n\nThe Gridlist will be created as a child of the GUI element you right clicked (or, if no GUI element was right clicked, the screen)."/>
		<option name="Add Column" description="Adds a column to the Gridlist.\n\nThis will not be immediately visible, however it will be accounted for when the code is output."/>
		<option name="Add Row" description="Adds a row to the Gridlist. \n\nis will not be immediately visible, however it will be accounted for when the code is output."/>
		<option name="Create Progress Bar" description="Click, hold and drag your mouse pointer to create a Progress bar.\n\nThe Progress bar will be created as a child of the GUI element you right clicked (or, if no GUI element was right clicked, the screen)."/>
		<option name="Set Progress" description="Sets the progress of the Progress bar as a percentage (0-100)."/>
		<option name="Create Tab Panel" description="Click, hold and drag your mouse pointer to create a Tab panel.\n\nThe Tab Panel will be created as a child of the GUI element you right clicked (or, if no GUI element was right clicked, the screen)."/>
		<option name="Add Tab" description="Adds another tab onto the tab panel."/>
		<option name="Delete Tab Panel" description="Deletes the Tab panel, all of its tabs and all of their GUI element children (GUI elements created within them)."/>
		<option name="Create Radio Button" description="Click, hold and drag your mouse pointer to create a Radio button.\n\nThe Radio button will be created as a child of the GUI element you right clicked (or, if no GUI element was right clicked, the screen). Radio buttons are grouped according to their parent, only one radio button within the same group can be selected at a time."/>
		<option name="Create Image" description="Click, hold and drag your mouse pointer to create an Image.\n\nThe Image will be created as a child of the GUI element you right clicked (or, if no GUI element was right clicked, the screen).\n\nTo be able to manipulate your own images, navigate to the ..\resources\guieditor\images folder and place your .png image files inside. Open the guieditor meta.xml and add the image as a file using the same format as one of the test images (mtalogo.png/shruk.png). Your image(s) should then appear in the in-game image list ready to be used."/>
		<option name="Cancel" description="Cancels your current action."/>
		<option name="Delete" description="Deletes the GUI element that you right clicked on and all of its GUI element children (GUI elements created within it)."/>
		<option name="Rel/Abs Screen" description="Switches between relative and absolute output values (size/position) for all GUI elements whos parent is the screen (gui-root)."/>
		<option name="Rel/Abs Child" description="Switches between relative and absolute output values (size/position) for all GUI elements that are a child of another GUI element."/>
		<option name="Load GUI" description="This is used to gather basic position and size information about pre-existing GUI (for example from other resources) and load it into the editor.\n\nSelect &quot;Load GUI&quot; and left click a GUI element, that element and all of its children will be loaded into the editor.\n\nRemember doing this only loads basic size/position data about the GUI, miscellaneous settings (such as read-only on a memo) cannot be loaded."/>
		<option name="Load Code" description="This is used to individually load every GUI output that exists in your guieditor_output.txt file.\n\nIt will therefore attempt to also load misc settings, as well as keep the original variable names wherever possible."/>
		<option name="Enable Input" description="This switches the input focus between MTA and GUI. Doing this will allow you to, for example, type &quot;t&quot; into a memo without the chat box opening."/>
		<option name="Print Code" description="This prints your code output into a GUI window on screen for evaluation. To output your code into a file, see &quot;Output Code&quot;."/>
		<option name="Output Code" description="This appends your code output to the end of the file GUIEditor_output.txt, which is located in server\ mods\ deathmatch\ resources\ GUIEditor"/>
		<option name="Set Title" description="This sets the title (in the case of elements like Windows) or the text (in the case of elements like Buttons) of the GUI element."/>
		<option name="Set Variable" description="This sets the name of the variable you want the GUI element to have in the output code."/>
		<option name="Set Movable" description="This sets whether or not the GUI Window can be moved with the mouse. Only available for GUI Windows."/>
		<option name="Set Sizable" description="This sets whether or not the GUI Window can be resized with the mouse. Only available for GUI Windows"/>
		<option name="Set Alpha" description="This sets the alpha value of the GUI element."/>
		<option name="Move" description="Click, hold and drag your pointer to move the GUI element you right clicked on around.\n\nWhen moving a GUI element within another element, movement is restricted to within the edges of the parent."/>
		<option name="Resize" description="Click, hold and drag your pointer to resize the width and height of the GUI element you right clicked on. To resize the width or height individually see &quot;Resize width&quot; or &quot;Resize height&quot;."/>
		<option name="Offset" description="This will offset any GUI element you left click on from the GUI element you right clicked on by the amount specified in the input box.\n\nLeft click on the screen to cancel."/>
		<option name="Copy" description="This will make a copy of the GUI element you right clicked on identical in size and position.\n\nIt will be created ontop of the original GUI element, right click on the GUI element and select &quot;Move&quot; to seperate them.\n\nThe &quot;Copy Children&quot; option will copy all children of the element you right clicked as well."/>
		<option name="Undo" description="This will undo the last action you made (and up to 5 actions total).\n\nNot all functions of the GUI editor are able to be undone, however most functions relating to movement/position and visual appearance can be."/>
		<option name="Redo" description="This will redo the last action you made (and up to 5 actions total).\n\nNot all functions of the GUI editor are able to be redone, especially if you have since deleted the GUI element they relate to. However, assuming the existance of the original GUI element, all functions that can be undone can be redone."/>
		<option name="Extra" description="This brings up an experimental sub-menu giving further options for creating GUI elements within GUI elements (for example, creating a button within a button).\n\nRemember that any GUI created this way may need manual tweaking once the code has been output (most commonly, re-ordering the GUI creation) to avoid errors."/>
		<option name="Move to back" description="Moves the GUI element you right clicked behind all other GUI elements."/>
		<option name="Print Data" description="Prints and relative and absolute size/position values for the GUI element you right clicked into the chat box. Can be used with &quot;Set Data&quot;."/>
		<option name="Set Data" description="Sets the relative/absolute size/position values for the GUI element you right clicked on. Useful for making precise changes."/>
		<option name="Element Alignment" description="GUI elements can be aligned with each other through the use of the Left and Right Control (Ctrl) keys.\n\nHold Ctrl and click on a GUI element to select it. While still holding ctrl, click on other GUI elements to align them with it.\n\nLeft ctrl will align horizontally and Right ctrl vertically, left and right click will align to the left/right side and the top/bottom respectively. You can only align GUI elements that share the same parent."/>
		<option name="Element Divider" description="Accessed by scrolling the mouse wheel while moving an element, this allows you to divide the parent of that element into sections which you can then snap the element you are moving onto.\n\nFor example: create a button inside a window, move the button and scroll up once. This will divide the window into 2 sections, allowing you to easily snap your button to the centre of the window.\n\nScrolling up again will divide the window into 3 sections, then 4, then 5 and so on. Scrolling back down to 1 section will remove the divider."/>
		<option name="Relative Positioning" description="Relative values can be between 0 and 1. They represent a value as a percentage of the parent.\n\nFor example, making a GUI element 0.5 in width means the width will be 50% of the parents width, regardless of what size the parent is. Making the x position 0.1 means the GUI element will be positioned 10% of the way across its parent.\n\nThis can be useful if you want your GUI element to always take up the same area of the screen independant of resolution (stretch).\n\nIts also helpful for resizing lots of elements together. It is however tricky to manually update values in relative format."/>
		<option name="Absolute Positioning" description="Absolute values are represented in pixels offset from the origin (top left) of the parent.\n\nFor example, making a GUI element 50 in width means it will always be 50 pixels wide, regardless of resolution (ie: wont stretch). Making the x position 10 means the GUI element will be positioned 10 pixels in from the left edge of the parent.\n\nThis can be useful if you want your GUI element size and position to remain constant across resolutions. It is also easy to update and maintain."/>
		<option name="Multiple selection" description="You can select multiple GUI elements at a time by clicking and holding the middle mouse button, then dragging the box around the GUI elements.\n\nA GUI element will only be &quot;captured&quot; if its top-left corner is within the highlighted area. You can then perform basic functions on all the elements together.\n\nLeft click on the screen or select &quot;Cancel&quot; to cancel."/>
		<option name="Get/Set Property" description="This can be used to Get or Set specific CEGUI properties on GUI elements. These properties open up many more possibilities than are available through pre existing GUI functions. For the property to be set the format of the value passed to it must be exactly correct, if the description does not indicate what this format should be you can use &quot;Get Property&quot; on the property to find out. Some of the widgets are not present in MTA, some are also named differently (eg: StaticText - Label) so finding the correct information may take some experimentation. The widgets and their properties are read from &quot;cegui_widgets.xml&quot; and &quot;cegui_property_descriptions.xml&quot; in the GUI Editor package."/>
		<option name="Loose Manipulation" description="Holding down shift while moving/resizing a GUI element will toggle Loose Manipulation on. This means that the gui editor will stop enforcing parent border integrity, allowing you to move and size your element outside the bounds of its parent."/>
		<option name="Parent" description="The &quot;Parent&quot; right click menu option allows you to manipulate the direct parent of the selected GUI element, even if the parent is not visible behind its child(ren)"/>
		<option name="DX Drawing" description="The DX functions allow you to draw rudimentary shapes, images and text onto the screen. They offer more control than the GUI counterparts but are much more difficult to implement and maintain. Be aware that they are NOT GUI elements, nor can they be parented with or have any link with other GUI elements. They exist separately from the GUI and separately from each other. They can be accessed through the &quot;Drawing&quot; option on the main right click menu."/>
		<option name="Share" description="Share allows you to share your GUI with other players on the server.\n\nBy selecting their name and clicking 'Share', a copy of your GUI is created and saved for the other player to view at any time.\n\nIf you make some changes and want to share those as well, select the player and click 'Share' again to update the saved GUI that they can see.\n\nIf you want to view someone elses GUI, once they have shared it with you simply select their name and click 'View'. Their GUI will then be loaded onto your screen.\n\nNote: the player list highlight colours only work in MTA version 1.0.4 and above."/>
		<option name="Create Scrollpane" description="Click, hold and drag your mouse pointer to create a scrollpane. Unfortunately these cannot be fully supported by the GUI Editor, so are largely placeholders for the convenience of visual placement/movement."/>
		<option name="Create Scrollbar" description="Click, hold and drag your mouse pointer to create a scrollbar. Unfortunately these cannot be fully supported by the GUI Editor, so are largely placeholders for the convenience of visual placement/movement."/>
		<!--<option name="Relative/Absolute Comparison" description="Both buttons are created within a 100x100 label. The first button is using Relative values, it is 0.1 (10%) from the edge of its parent and 0.4 (40%) in width. The second button is using Absolue values, it is 10 pixels from the edge of its parent and 40 pixels in width. By default the GUIEditor uses Absolute values for all elements created directly onto the screen, and Relative values for all elements that are children of another GUI element. This can be changed with the &quot;Rel/Abs Screen&quot; and &quot;Rel/Abs Child&quot; options."/> -->
		<!-- needed to stop the final option being hidden behind the horizontal scrollbar of the scrollpane -->
		<option name="" description=""/>
	</options>
</help_documentation>
